<?xml version="1.0" encoding="UTF-8"?>
<project-private xmlns="http://www.netbeans.org/ns/project-private/1">
    <editor-bookmarks xmlns="http://www.netbeans.org/ns/editor-bookmarks/2" lastBookmarkId="0"/>
    <open-files xmlns="http://www.netbeans.org/ns/projectui-open-files/2">
        <group>
            <file>file:/D:/MCA/SY/Sem%204/Gate%20Entry%20Management%20Portal/web/index.html</file>
            <file>file:/D:/MCA/SY/Sem%204/Gate%20Entry%20Management%20Portal/web/visitor.jsp</file>
        </group>
    </open-files>
</project-private>
